"Player","My C Won","Hands","Fold to Any PFR","Fold to F CBet","Att To Steal","PFR","VPIP","WTSD %","WSD","WSD (ns)","Total AF","Total AFq"
"Keramzit","-€5.70","63","92.11","-","100.00","14.52","14.52","25.00","0.00","0.00","","40.00"
"pant100000","€1.13","64","55.56","75.00","100.00","18.75","37.50","29.17","71.43","75.00","1.80","29.03"
"ReluctLier","€2.85","144","81.82","25.00","85.71","36.88","44.68","27.50","81.82","87.50","1.25","37.04"
"srac1","-€0.90","63","63.33","20.00","85.71","19.05","36.51","26.92","28.57","33.33","2.63","53.85"
"ShullerMax","-€0.13","73","88.89","100.00","83.33","21.92","30.14","16.67","0.00","-","","36.36"
"dame26run","€1.16","94","92.50","-","80.95","27.17","28.26","23.08","33.33","50.00","7.00","53.85"
"MeloWin","€1.88","111","68.00","0.00","80.00","27.93","37.84","30.00","58.33","70.00","3.75","55.56"
"DiegoKar","-€2.46","62","50.00","66.67","76.92","38.33","50.82","27.59","37.50","42.86","7.25","69.05"
"jhantoro","-€0.21","122","73.08","75.00","75.00","31.97","46.72","11.32","83.33","100.00","2.63","30.43"
"LOUNApak","-€0.11","64","77.78","50.00","75.00","14.06","35.94","14.29","66.67","66.67","2.29","44.44"
"DragonInkviz","-€0.02","91","81.25","100.00","75.00","8.79","18.68","16.67","66.67","50.00","10.00","43.48"
"beijingtree","€0.66","79","73.53","50.00","75.00","16.46","31.65","24.00","50.00","50.00","1.90","42.22"
"platosha666","€2.89","78","84.00","50.00","75.00","23.08","33.33","32.00","62.50","100.00","5.80","67.44"
"123mike81","-€2.13","63","46.43","0.00","66.67","16.13","61.90","31.58","25.00","28.57","2.92","60.32"
"msbahuta","€0.32","61","87.50","-","66.67","13.11","18.03","30.77","75.00","100.00","","33.33"
"jikou","€2.60","107","92.86","-","66.67","13.21","13.08","46.15","66.67","100.00","6.00","54.55"
"ivan_0708","€1.73","105","61.36","57.14","66.67","11.43","40.00","25.71","66.67","100.00","1.46","38.78"
"ImWat","-€0.75","118","68.18","75.00","66.67","13.68","25.64","32.00","75.00","83.33","1.53","50.00"
"alex_133","-€0.31","78","100.00","-","66.67","12.82","15.38","11.11","100.00","-","7.00","58.33"
"PiotrussPan","-€1.81","159","37.10","70.59","64.29","39.49","53.50","38.96","40.00","45.83","1.17","41.18"
"davebritz2","€1.47","131","90.00","0.00","64.29","13.18","13.95","14.29","100.00","100.00","2.00","33.33"
"gavrilog","-€0.76","61","85.71","-","64.29","25.86","27.59","37.50","33.33","33.33","8.00","80.00"
"ZaRukavom","€0.47","114","90.91","-","62.50","11.40","14.04","47.06","50.00","60.00","11.00","57.89"
"pipecmolodec","€1.41","106","78.05","50.00","62.07","30.77","32.69","28.57","66.67","66.67","3.00","48.39"
"Old_Slag","€5.36","175","48.84","40.00","60.87","27.43","64.00","36.63","54.05","51.85","2.35","58.38"
"tatitatatu","€0.87","122","90.38","0.00","60.87","21.49","23.14","15.79","66.67","66.67","1.67","38.46"
"Igrysis","-€1.39","125","78.57","100.00","59.46","27.27","31.41","27.27","66.67","66.67","1.70","45.95"
"donald131","-€0.25","72","64.29","66.67","58.33","19.72","29.58","36.84","71.43","66.67","1.44","48.15"
"Hardty69","€4.83","75","47.06","50.00","57.14","36.99","54.05","35.48","81.82","77.78","1.30","35.14"
"888xuesir","-€8.99","65","57.69","50.00","57.14","33.85","50.77","28.13","22.22","12.50","2.47","58.73"
"Fireworks89","-€0.28","64","78.57","100.00","57.14","17.19","29.69","13.33","0.00","0.00","2.33","53.85"
"ruimeira","€0.92","76","68.57","66.67","57.14","16.00","38.67","9.52","50.00","50.00","9.00","58.06"
"buasja","-€6.57","545","86.31","55.56","56.82","11.34","17.47","23.75","47.37","27.27","3.19","46.36"
"TomTilt1337","€19.76","108","75.93","25.00","56.76","28.85","31.73","43.48","70.00","71.43","3.83","71.88"
"chuchundro","-€0.15","83","93.75","-","56.52","19.28","20.48","33.33","100.00","100.00","0.75","30.00"
"sOLEGam","€4.12","162","54.93","16.67","55.56","34.18","41.14","44.44","55.00","50.00","2.68","62.20"
"vladikiller","€0.03","72","56.25","66.67","52.63","25.35","36.62","37.50","66.67","66.67","1.38","35.48"
"scrabit","€0.13","170","70.97","83.33","50.00","11.24","21.89","27.50","36.36","50.00","1.20","27.91"
"malbieyaru","€1.71","68","71.43","100.00","50.00","19.12","25.00","0.00","-","-","2.33","33.33"
"GrAvYtOrAiN","€7.95","73","92.31","0.00","50.00","21.92","23.29","9.09","100.00","100.00","4.00","66.67"
"dekmufc","€3.30","63","28.57","71.43","50.00","20.63","79.37","36.54","36.84","41.18","1.35","44.68"
"Mordatiy","-€2.45","130","40.00","78.57","50.00","20.93","53.49","39.71","44.44","44.00","2.94","51.02"
"TangShanDG","-€3.09","89","89.74","0.00","50.00","13.79","18.39","33.33","50.00","50.00","2.50","58.82"
"pawsx","€0.11","96","91.18","50.00","50.00","10.87","20.65","0.00","-","-","4.00","42.11"
"maki1030","-€3.00","84","62.50","54.55","50.00","10.98","37.80","34.38","27.27","37.50","1.50","39.13"
"mrcarefull","-€1.21","178","82.46","100.00","50.00","15.73","19.66","18.18","50.00","50.00","2.00","33.33"
"Maieero","€3.60","65","41.38","33.33","50.00","23.44","53.13","37.93","54.55","50.00","1.13","39.13"
"kloda1","-€4.00","119","86.49","33.33","50.00","15.97","20.17","47.62","40.00","20.00","0.88","33.33"
"LaGu75","-€0.02","78","84.00","66.67","50.00","14.67","32.00","10.53","100.00","-","2.33","31.82"
"Mtz_10","-€0.54","64","87.50","100.00","50.00","9.52","19.05","15.38","50.00","0.00","","30.77"
"dfgh61","€2.89","92","83.87","0.00","50.00","7.61","17.39","47.06","62.50","83.33","0.73","32.00"
"Eulin","-€2.80","115","95.92","-","50.00","4.39","5.26","38.46","20.00","0.00","1.67","33.33"
"ledeni10","-€0.43","72","50.00","100.00","50.00","23.61","54.17","20.51","37.50","37.50","4.38","53.85"
"mine80","-€0.84","61","88.89","100.00","50.00","15.00","16.67","16.67","100.00","100.00","5.00","50.00"
"kalendulo","-€0.71","61","90.48","100.00","50.00","15.52","18.64","0.00","-","-","","30.00"
"TrueDeal","-€0.35","75","82.14","0.00","50.00","20.55","26.03","41.67","20.00","33.33","5.00","62.50"
"galjakizlyk","€2.22","73","61.54","100.00","50.00","19.44","55.56","20.59","85.71","100.00","5.00","55.56"
"Tommy_Qian","€5.50","88","24.24","50.00","48.78","39.76","86.75","35.48","59.09","52.94","5.58","72.04"
"E_063_KX","-€1.49","427","77.52","73.33","48.65","19.00","26.60","22.94","52.00","50.00","2.07","40.56"
"nakaznick888","-€0.44","119","89.06","-","48.39","19.49","21.85","20.00","50.00","75.00","3.00","39.47"
"bursak","€11.07","396","29.81","44.68","48.31","33.42","67.46","37.45","59.34","58.73","1.51","46.22"
"capodituttiC","-€22.20","82","92.86","100.00","48.15","21.25","26.25","21.05","25.00","0.00","10.00","64.52"
"H2o89","€0.84","100","87.10","0.00","48.15","18.37","22.45","30.77","75.00","100.00","2.00","54.55"
"mirr2","-€3.49","86","80.49","50.00","48.00","21.43","22.62","6.67","100.00","-","6.00","42.86"
"DzikiMonsun","-€6.08","237","89.36","-","47.92","16.81","17.17","21.88","42.86","33.33","6.00","50.00"
"cr0ndd","€0.82","85","50.00","25.00","47.62","21.95","48.78","43.24","68.75","80.00","1.56","46.30"
"Snake01772","€0.81","84","87.50","100.00","47.06","19.28","25.00","17.65","66.67","66.67","8.00","66.67"
"grabliy","-€1.03","69","87.50","-","47.06","24.64","26.09","45.45","40.00","40.00","13.00","86.67"
"stonoga64","€0.32","130","92.86","-","46.67","16.54","16.54","0.00","-","-","","70.59"
"mrkd75.","-€21.32","163","51.11","41.18","46.15","20.99","46.91","28.30","13.33","15.38","2.65","59.80"
"perfect76","-€0.14","77","89.47","100.00","45.45","8.11","20.27","13.33","0.00","-","","23.08"
"RozaNostra","-€0.89","61","88.46","100.00","45.45","16.39","18.03","0.00","-","-","2.00","33.33"
"66SERZH66","-€1.36","75","55.88","75.00","45.45","21.33","32.00","36.00","22.22","0.00","0.70","24.14"
"Banfy","-€0.60","95","84.21","-","45.45","14.44","20.00","20.00","0.00","0.00","5.50","55.00"
"szabodavid56","€6.76","76","82.61","-","45.45","22.54","25.35","33.33","100.00","100.00","15.00","78.95"
"jwieczorek","€0.46","77","71.43","33.33","45.45","13.16","30.26","10.53","50.00","50.00","1.80","37.50"
"aubaba","€4.87","195","88.52","-","45.24","18.82","19.89","19.23","60.00","60.00","2.71","51.35"
"gavvgavv","€0.02","140","92.31","100.00","44.74","18.84","22.46","20.00","33.33","33.33","","77.78"
"ArinKa888","€1.35","111","50.00","100.00","44.74","26.17","50.00","23.64","76.92","87.50","1.70","29.82"
"JohnFertel","-€1.07","106","88.10","100.00","44.44","14.29","18.10","5.56","100.00","-","3.00","42.86"
"jufter","-€0.49","62","80.00","0.00","44.44","18.64","31.67","50.00","42.86","42.86","5.00","65.22"
"bruno2s","€0.15","72","84.21","-","44.44","21.74","23.19","36.36","75.00","100.00","","62.50"
"FreshFresh","€14.01","68","71.43","50.00","44.44","19.70","31.82","42.86","66.67","80.00","3.75","68.18"
"_machine_","-€15.06","335","74.65","84.62","43.93","24.00","31.08","18.03","54.55","44.44","2.22","43.48"
"Obsi_","€4.77","74","84.00","100.00","43.75","20.55","24.32","23.08","66.67","66.67","2.00","50.00"
"arhiatum","-€0.85","212","66.22","50.00","43.75","16.27","30.62","29.31","58.82","60.00","3.77","59.04"
"Matrix8686","-€2.81","220","89.47","-","43.75","10.60","13.76","14.29","50.00","50.00","4.50","47.37"
"HorroRNic","€5.32","128","51.52","71.43","43.59","24.19","45.16","34.55","63.16","75.00","2.93","53.01"
"Robotex1993","€5.14","318","74.77","25.00","43.08","20.65","23.23","32.61","60.00","63.64","2.67","57.97"
"Protone_","€2.79","216","86.30","0.00","42.86","12.96","24.54","25.42","53.33","70.00","2.93","50.57"
"free2bluff","-€0.01","146","81.48","50.00","42.86","11.64","17.12","18.18","50.00","50.00","6.50","54.17"
"MSFM1987","€1.78","140","89.19","33.33","42.86","17.99","20.86","38.46","60.00","66.67","2.60","48.15"
"mr.ermak","€0.18","77","76.00","0.00","42.86","16.00","21.33","27.27","66.67","100.00","1.67","38.46"
"Dmolrub","-€0.51","193","70.49","75.00","42.86","10.36","24.87","21.15","54.55","50.00","1.56","38.36"
"packers90","-€5.38","192","70.49","40.00","42.55","16.94","28.26","36.73","66.67","57.14","1.59","46.67"
"LissaLan","€0.81","239","68.18","20.00","42.31","14.29","36.97","24.71","61.90","62.50","2.09","49.31"
"Penguin.spb","-€7.73","88","78.43","66.67","42.11","13.10","26.19","21.43","33.33","0.00","3.33","55.56"
"Kashiyuka","-€1.20","116","73.81","60.00","42.11","11.71","20.72","25.00","50.00","50.00","2.00","38.10"
"jwsoldier","-€0.92","183","61.11","52.94","41.67","20.79","37.02","30.99","40.91","43.75","2.05","43.43"
"Laxash","-€1.98","120","77.78","100.00","41.67","17.65","26.05","35.29","58.33","50.00","2.50","52.08"
"molotua","€5.14","75","42.86","66.67","41.67","38.36","52.05","26.67","62.50","71.43","3.63","63.04"
"Raizzz777","€2.92","302","81.42","33.33","40.98","18.25","23.16","39.13","66.67","70.00","1.33","42.11"
"deadushka33","-€7.11","139","84.44","33.33","40.91","19.85","25.00","39.29","54.55","50.00","1.00","31.43"
"bololaikin","€0.07","118","89.36","0.00","40.63","18.42","21.93","42.11","62.50","80.00","1.00","26.32"
"NekSlava","-€1.31","146","71.43","40.00","40.43","27.46","30.07","27.59","50.00","60.00","2.86","57.14"
"KamiKace01","-€1.72","227","86.59","75.00","40.38","15.77","24.32","31.71","61.54","50.00","2.89","50.98"
"B3z1bre","€0.17","135","92.31","100.00","40.00","13.74","15.27","6.25","0.00","-","2.33","35.00"
"insite21","€2.07","89","92.11","-","40.00","15.66","19.28","20.00","100.00","100.00","2.33","43.75"
"Grodno06","-€1.19","77","82.61","0.00","40.00","7.79","15.58","37.50","33.33","33.33","1.00","37.50"
"TerroristW","-€0.48","89","95.83","0.00","40.00","9.09","12.50","10.00","100.00","-","5.00","45.45"
"Bobxmax","€2.61","61","53.33","66.67","40.00","15.00","38.33","26.09","66.67","80.00","2.50","46.88"
"OMGHESKEY","-€3.07","100","68.75","0.00","40.00","17.71","29.17","50.00","54.55","60.00","1.00","41.86"
"305604491","-€0.42","111","81.25","100.00","40.00","7.41","16.67","37.04","40.00","50.00","2.13","42.50"
"Dariana888","-€3.06","510","89.71","80.00","40.00","8.66","13.39","23.29","64.71","61.54","3.50","49.49"
"bwth_short","-€1.67","112","87.18","100.00","39.39","17.86","22.32","26.67","100.00","-","","18.18"
"spacedestroy","€5.25","120","75.93","100.00","39.29","20.51","22.03","38.10","75.00","100.00","8.00","44.44"
"vsemstat888","€1.95","81","89.74","0.00","39.13","15.00","20.00","28.57","100.00","100.00","2.33","58.33"
"mrkaib","-€0.42","158","85.96","66.67","38.71","16.23","18.83","13.04","100.00","100.00","9.50","51.35"
"DudkinY","€1.29","116","57.14","41.67","38.71","22.52","38.39","33.33","45.45","62.50","2.00","40.91"
"RillerToxa","-€1.45","219","82.86","50.00","38.46","9.63","17.89","35.14","38.46","55.56","6.67","68.97"
"Bizar007","-€0.58","72","46.15","25.00","37.93","22.81","71.93","21.21","28.57","20.00","5.14","72.00"
"slaweksen","-€3.86","101","72.22","66.67","37.50","16.83","29.70","41.38","33.33","33.33","1.80","48.21"
"noswag387","-€0.67","83","89.29","-","37.50","24.39","26.83","56.25","33.33","60.00","1.67","33.33"
"kyleelyk92","-€0.19","86","73.33","100.00","37.50","21.43","32.94","19.23","60.00","50.00","26.00","68.42"
"Ainity_1987","€1.43","102","58.14","30.00","37.50","21.21","42.42","38.46","50.00","33.33","3.50","60.00"
"NofateG.","-€0.36","70","90.00","100.00","37.50","7.25","14.49","21.43","66.67","-","3.00","23.08"
"HappyEhlsp","-€1.10","63","83.33","66.67","37.50","8.06","12.90","20.00","100.00","100.00","0.00","0.00"
"bruninho88","-€0.90","286","57.41","54.55","37.50","15.49","49.65","28.46","40.00","48.00","1.53","42.16"
"thomasberg","-€1.28","185","81.97","100.00","37.50","19.57","32.07","22.03","38.46","37.50","3.00","52.17"
"DominicWolf","-€0.56","214","92.06","100.00","37.50","9.48","15.64","18.75","50.00","25.00","2.33","35.00"
"Mandrake_BRA","-€2.31","62","66.67","0.00","37.50","14.52","33.87","40.00","25.00","28.57","1.13","37.50"
"quarrystone","-€1.42","170","86.36","80.00","37.14","17.07","20.12","20.00","75.00","66.67","7.00","51.85"
"daydayup100","€1.72","235","73.56","60.00","37.14","24.55","34.51","18.87","70.00","100.00","2.00","33.33"
"foldforme13","-€0.21","569","84.29","61.54","36.67","11.43","19.93","23.58","56.00","66.67","4.15","43.55"
"bykens","-€35.09","416","78.33","70.00","36.59","23.69","28.61","34.25","48.00","45.45","4.19","62.62"
"ShadowShield","-€0.11","126","75.61","25.00","36.36","16.13","25.81","16.22","33.33","20.00","4.43","62.00"
"BlumerRS","€1.12","219","80.82","60.00","36.36","6.88","16.90","33.33","50.00","60.00","4.80","52.17"
"SirinXtreme","-€1.21","234","87.32","50.00","36.36","11.59","18.80","14.89","14.29","33.33","4.60","40.35"
"majkolino","€5.32","125","91.67","-","36.36","19.01","21.49","27.27","66.67","66.67","","64.29"
"Waldi1978","-€5.49","204","76.09","37.50","36.17","16.67","24.75","30.56","54.55","50.00","2.89","53.06"
"solarwasser17","-€0.89","318","75.61","54.55","36.08","16.03","26.60","25.88","45.45","53.85","2.44","44.44"
"kiBeRpUNk87","-€9.63","213","85.23","50.00","35.59","15.17","19.91","39.47","40.00","50.00","1.58","42.22"
"OgneDeva","€1.37","135","81.67","50.00","35.48","18.60","22.31","27.27","33.33","50.00","7.50","57.69"
"DrTwister","€2.52","76","80.95","0.00","35.29","19.18","21.92","45.45","80.00","80.00","1.00","42.11"
"Lekanol","€0.31","144","88.57","100.00","35.29","11.11","16.67","15.38","50.00","50.00","0.91","26.32"
"ShlanDerWolf","€0.52","129","83.02","33.33","35.14","14.84","21.09","19.44","71.43","80.00","1.67","37.74"
"mozila30","€5.65","393","86.40","33.33","35.14","9.07","16.02","20.97","69.23","88.89","1.09","27.91"
"LordSvar","€2.50","84","84.38","100.00","34.78","18.07","22.89","17.65","33.33","33.33","4.00","54.55"
"McFistfight","-€1.76","179","79.17","50.00","33.33","5.03","19.55","29.73","27.27","40.00","0.81","27.66"
"LendoKaar","-€0.51","62","76.67","100.00","33.33","19.67","26.23","7.69","0.00","-","8.00","50.00"
"Janoneson","-€1.84","69","53.85","28.57","33.33","10.14","52.17","32.43","33.33","33.33","1.88","47.76"
"BLUDVER","-€2.06","70","68.97","66.67","33.33","24.64","31.88","38.46","20.00","25.00","","60.00"
"flashreality","€0.84","96","88.24","50.00","33.33","6.32","14.74","35.29","66.67","66.67","1.33","33.33"
"suhmen","€1.05","106","56.00","60.00","33.33","8.65","36.19","24.44","36.36","66.67","1.50","41.38"
"a3832765","€1.32","99","70.00","33.33","33.33","16.33","24.49","33.33","75.00","66.67","4.50","56.25"
"KaKeTkA15","€0.94","82","86.36","-","33.33","16.05","15.85","50.00","28.57","33.33","3.00","66.67"
"otter_sc","-€0.40","74","77.78","100.00","33.33","17.65","22.06","11.11","0.00","-","3.00","30.00"
"Durleik1","-€1.79","196","85.42","33.33","33.33","12.82","20.00","13.89","20.00","25.00","5.20","50.98"
"kanabiuss","€0.69","73","80.00","100.00","33.33","18.31","21.13","41.67","60.00","50.00","3.00","69.23"
"Monitor666","€0.11","105","81.25","100.00","33.33","9.90","18.81","15.00","66.67","66.67","6.50","52.00"
"FatPig66","€4.18","64","85.00","100.00","33.33","27.87","31.15","30.00","66.67","66.67","8.50","70.83"
"4FUSION","-€7.05","95","27.27","75.00","33.33","12.77","68.09","26.56","47.06","42.86","0.92","34.29"
"vycle","€0.25","94","71.05","40.00","33.33","8.79","25.27","28.57","33.33","40.00","2.50","51.72"
"yyyyympa","€3.20","77","86.36","-","33.33","17.33","18.67","40.00","100.00","100.00","1.67","55.56"
"Upsome12","€1.06","80","64.52","66.67","33.33","17.72","36.71","44.83","53.85","54.55","1.37","47.27"
"KHV27","-€6.04","195","86.75","50.00","32.73","13.90","16.58","26.09","66.67","50.00","4.67","53.85"
"zT3rMiT3z","-€0.82","151","83.33","75.00","32.50","15.65","19.73","19.23","80.00","50.00","1.67","20.00"
"bearmckenzie","€12.92","227","85.71","100.00","31.82","15.45","17.73","22.58","57.14","80.00","5.00","54.05"
"flowxs01","€4.26","78","73.08","50.00","31.82","12.82","37.18","22.22","66.67","100.00","4.75","57.58"
"refusetofold","€0.38","228","88.17","60.00","31.58","8.33","10.96","28.00","57.14","80.00","1.50","34.29"
"obscenestorm","-€1.15","172","78.72","57.14","31.25","7.02","20.47","24.39","50.00","66.67","2.38","35.85"
"makskon","-€0.97","125","80.36","75.00","31.25","11.67","18.18","16.67","50.00","0.00","2.50","33.33"
"kox44x","-€5.42","93","77.78","-","31.03","17.98","21.11","27.78","40.00","40.00","6.00","50.00"
"Meng71De","-€0.16","63","75.00","80.00","30.77","13.11","29.51","29.41","60.00","66.67","3.50","36.84"
"McA2A2","€1.64","81","61.29","66.67","30.77","21.79","48.72","27.59","37.50","33.33","6.00","78.26"
"Takshaka13","€2.26","109","76.67","33.33","30.77","8.41","19.63","47.62","50.00","75.00","1.08","42.42"
"maaxe","-€0.57","115","84.78","100.00","30.00","10.53","13.16","42.86","33.33","20.00","1.71","46.15"
"sr_apalon","€0.42","127","97.30","-","30.00","6.40","9.60","25.00","66.67","66.67","3.00","42.86"
"GercogJJ","€6.50","237","88.89","50.00","30.00","10.21","14.47","34.38","81.82","88.89","1.93","55.10"
"djek","€4.40","166","64.06","66.67","30.00","10.30","43.64","21.74","46.67","66.67","1.33","33.33"
"Gannicus10","€2.50","63","77.78","50.00","30.00","18.64","22.03","16.67","0.00","0.00","2.00","57.14"
"7e7u7","€1.79","80","44.12","62.50","30.00","19.23","35.90","16.00","50.00","50.00","3.50","53.85"
"regenerate1","-€1.62","110","85.00","100.00","30.00","22.43","26.17","20.00","33.33","33.33","","47.37"
"loosel","€1.46","142","92.86","-","29.41","12.23","14.39","21.05","75.00","66.67","3.67","44.00"
"uriel37","-€0.37","64","88.00","100.00","29.41","14.29","22.22","0.00","-","-","","12.50"
"simplydevil","-€1.73","286","82.08","66.67","29.31","11.47","24.56","40.24","39.39","47.37","4.00","49.44"
"nirvana2777","-€0.46","114","61.36","50.00","29.27","17.43","35.45","31.43","54.55","60.00","24.00","61.54"
"Tishman_M66","€9.88","104","79.17","100.00","29.17","15.00","31.00","19.05","50.00","100.00","6.50","52.00"
"kuliko","-€0.87","149","87.93","33.33","29.03","14.58","18.06","26.67","25.00","33.33","3.00","47.37"
"gabethepanda","-€6.54","144","63.33","83.33","28.89","20.86","29.50","27.59","25.00","20.00","3.50","56.76"
"apollo9999","-€3.40","89","82.86","75.00","28.57","12.50","21.59","23.53","25.00","100.00","8.00","44.44"
"Lucky_ARC","€7.97","91","86.67","0.00","28.57","9.89","18.68","5.88","100.00","100.00","2.75","45.83"
"looseagain14","€2.76","97","58.82","80.00","28.57","16.67","45.83","15.56","42.86","100.00","2.07","46.27"
"STEPAN1902","-€2.03","139","67.80","77.78","28.57","9.35","34.53","20.00","55.56","50.00","1.61","40.28"
"gedjei","-€0.80","116","56.82","72.73","28.57","20.87","56.52","21.67","53.85","55.56","2.70","53.47"
"Art1kulla","-€0.96","86","91.30","-","28.57","20.00","22.35","33.33","33.33","40.00","15.00","65.22"
"cuchuoi281","-€6.98","151","75.00","42.86","28.57","16.11","33.56","39.53","47.06","46.15","2.00","54.79"
"krekspeks","-€3.90","206","82.11","71.43","28.57","12.50","18.00","25.93","57.14","50.00","1.44","35.14"
"FSicasiro","-€2.01","128","26.79","57.89","28.57","12.60","67.97","30.11","42.86","41.67","0.73","26.62"
"JokerOfLife","-€1.31","229","90.14","100.00","28.57","5.70","16.67","19.15","44.44","66.67","0.94","26.15"
"mrgbg94","€1.11","200","81.33","100.00","28.57","17.09","20.10","26.19","63.64","60.00","3.50","56.00"
"ViktoriaSTR","-€0.20","77","88.00","-","28.57","16.00","21.33","18.18","0.00","0.00","8.00","57.14"
"makatow","€1.92","61","70.00","0.00","28.57","19.67","39.34","20.00","75.00","75.00","6.00","48.00"
"Svetlana1954","-€1.05","122","96.67","100.00","28.26","14.04","16.67","33.33","33.33","33.33","2.50","41.67"
"C0tBatman","€4.69","434","90.30","85.71","28.00","7.85","14.09","33.33","65.22","73.33","3.67","46.81"
"kalimance","-€4.01","83","64.10","60.00","28.00","24.10","30.12","36.84","71.43","66.67","0.56","21.74"
"setpilya","-€6.12","94","83.78","50.00","28.00","12.77","19.15","25.00","33.33","33.33","1.67","33.33"
"a1exbro","€1.38","93","73.81","33.33","27.78","16.48","27.47","20.00","100.00","100.00","1.63","40.63"
"luckyLesha","€5.17","147","68.33","53.85","27.78","10.34","21.92","32.00","50.00","57.14","1.00","32.43"
"northranger","€3.78","281","80.00","71.43","27.78","10.00","16.43","15.69","75.00","60.00","8.00","41.38"
"solaraqua","-€42.32","12,008","85.20","62.87","27.71","10.68","19.00","23.78","54.35","56.69","3.19","49.08"
"crosskar","-€0.65","137","83.08","20.00","27.50","12.78","22.39","19.23","100.00","100.00","0.56","20.93"
"VityaS78","-€0.16","164","86.54","-","27.27","7.41","12.35","15.79","33.33","50.00","4.50","60.00"
"SanyaSheva23","-€0.44","78","80.77","50.00","27.27","14.47","35.53","16.00","50.00","66.67","4.20","56.76"
"mewrio","-€0.51","70","78.57","100.00","27.27","8.70","20.29","7.69","0.00","-","7.00","43.75"
"MrWybo","€10.34","125","83.72","33.33","27.08","15.57","20.49","16.67","66.67","100.00","4.33","52.00"
"kofan74","€11.85","75","65.38","-","26.92","21.33","28.00","39.13","33.33","37.50","2.00","42.86"
"rubieslipper","-€2.35","187","81.36","100.00","26.67","10.75","20.97","21.62","50.00","40.00","3.50","32.56"
"Myzchina","€2.17","143","91.94","0.00","26.67","9.93","15.60","30.00","33.33","100.00","1.33","40.00"
"edthepleb","-€4.82","76","82.76","50.00","26.67","16.67","24.32","47.37","22.22","20.00","2.00","51.61"
"Habarabas","€2.20","433","90.58","80.00","26.53","8.45","12.65","28.57","64.29","87.50","1.71","38.71"
"shmelneg","-€1.47","87","91.43","0.00","26.32","13.10","17.86","50.00","0.00","0.00","2.40","66.67"
"benteke54","-€2.15","123","63.46","36.36","26.32","15.57","31.15","27.27","55.56","71.43","0.95","35.19"
"Jerenko","-€0.38","136","75.00","37.50","26.32","11.36","18.05","30.77","62.50","50.00","1.08","35.14"
"ROKER12","€0.47","69","19.44","30.00","26.32","19.40","67.16","25.58","45.45","50.00","4.75","67.86"
"rainer2229","-€3.25","73","48.65","66.67","26.09","25.00","31.94","50.00","40.00","40.00","3.33","52.63"
"Esxgal","€5.01","70","30.00","70.00","25.93","16.67","51.52","35.48","54.55","83.33","0.73","27.50"
"y19213","-€0.19","67","33.33","33.33","25.93","24.24","53.03","41.18","42.86","50.00","1.00","37.25"
"Carleone11","-€1.14","75","39.47","57.14","25.93","17.81","60.27","42.22","26.32","18.18","1.56","49.37"
"NVecher","-€0.98","74","47.06","57.14","25.00","16.22","52.70","32.43","33.33","33.33","2.09","45.10"
"orion_9","-€1.35","145","85.11","100.00","25.00","9.03","11.81","22.73","80.00","66.67","3.00","34.62"
"tony_mylife","€34.11","390","79.19","25.00","25.00","19.26","22.96","31.03","55.56","66.67","2.75","55.70"
"enki29","-€2.22","70","73.33","100.00","25.00","5.71","20.00","21.43","0.00","0.00","0.40","11.11"
"ParaZetaM","-€3.05","191","75.58","37.50","25.00","12.43","23.66","40.00","31.25","35.71","1.20","40.00"
"ralph791","-€1.01","65","68.42","100.00","25.00","9.52","36.51","27.27","33.33","33.33","14.00","53.85"
"Huanchuco","€1.83","143","72.55","66.67","25.00","10.00","25.71","21.05","50.00","50.00","1.38","25.58"
"PatchBrennan","€0.68","100","50.00","0.00","25.00","16.00","46.00","27.08","23.08","14.29","1.67","41.10"
"v4lture","€1.70","74","84.00","100.00","25.00","12.33","21.92","33.33","80.00","100.00","1.00","27.78"
"Poker_AM65","-€1.15","70","23.08","37.50","25.00","21.43","54.29","31.71","46.15","50.00","1.33","46.75"
"MFuccker","€0.88","120","88.24","0.00","25.00","10.83","18.33","16.00","75.00","50.00","1.18","34.21"
"hty123","-€4.49","112","51.16","88.89","25.00","7.14","38.39","26.83","27.27","28.57","2.60","48.15"
"AKHaylov","-€3.44","115","92.11","-","24.14","12.04","15.74","25.00","33.33","0.00","6.00","46.15"
"8good","€0.44","106","86.21","-","24.00","12.62","18.45","44.44","75.00","66.67","6.00","60.00"
"Ollipopz","-€3.38","579","83.60","85.71","23.91","8.92","16.26","21.78","63.64","66.67","2.45","37.98"
"reddis1973","€6.15","78","71.43","33.33","23.53","8.00","18.67","43.75","100.00","100.00","5.75","82.14"
"techies2014","-€4.75","174","76.32","61.54","23.53","13.17","28.14","41.18","71.43","66.67","0.81","28.89"
"xu1987","€0.53","139","61.43","55.56","23.33","16.67","43.48","18.52","60.00","57.14","1.65","41.77"
"grinder_ua","€2.56","143","71.74","50.00","23.33","11.68","18.98","10.00","50.00","100.00","2.50","40.00"
"sumrock","€0.96","253","90.28","75.00","23.08","10.76","14.34","17.95","42.86","60.00","4.67","53.85"
"sharipai","-€0.62","79","85.00","100.00","23.08","22.78","22.78","11.11","100.00","-","4.00","36.36"
"cigan1389","-€1.37","72","48.00","75.00","23.08","16.90","59.15","16.22","50.00","50.00","3.33","59.70"
"marlonoff","-€4.52","225","85.14","0.00","23.08","8.93","14.73","21.88","42.86","33.33","1.31","36.17"
"ILUCKY555","€2.32","71","80.95","0.00","23.08","7.04","21.13","33.33","40.00","100.00","0.90","36.00"
"Noctua","-€0.88","181","85.25","100.00","23.08","7.30","18.89","24.32","55.56","55.56","4.83","53.70"
"JOKKEqt","-€2.65","75","54.84","25.00","23.08","29.73","42.67","47.83","45.45","37.50","2.50","57.14"
"Mantana333","€0.83","153","82.00","0.00","22.58","11.41","13.42","25.00","75.00","50.00","2.20","55.00"
"rahulnadide","-€8.56","105","34.00","38.46","22.22","11.54","66.35","29.41","30.00","35.71","1.11","37.84"
"U_BLF_I_CTCH","-€6.73","123","77.27","75.00","22.22","12.07","21.55","47.83","45.45","16.67","1.80","36.00"
"ashkanmh","-€1.04","119","90.38","50.00","22.22","10.34","13.79","33.33","33.33","50.00","3.00","50.00"
"danz888","-€1.13","290","76.84","72.73","22.22","6.92","23.88","32.93","55.56","60.00","1.50","38.40"
"Stracciaty","-€7.31","140","83.64","100.00","21.95","20.44","24.82","21.05","50.00","33.33","8.00","66.67"
"imposter2","-€3.57","120","71.11","44.44","21.88","13.33","22.50","30.00","50.00","50.00","0.82","30.00"
"xxPENGxx","-€0.09","79","57.58","87.50","21.88","12.16","41.89","7.14","50.00","100.00","2.40","34.29"
"IamBFT","-€0.18","164","95.00","-","21.74","10.06","10.49","26.32","100.00","100.00","1.50","27.27"
"steesteestee","€2.34","80","95.83","-","21.74","15.19","15.19","25.00","100.00","100.00","6.00","60.00"
"HNitu","-€0.42","148","80.88","33.33","21.43","12.24","17.69","20.00","75.00","75.00","1.75","43.75"
"vaduvaa","-€0.80","81","91.43","100.00","21.05","14.47","17.11","28.57","100.00","100.00","0.00","0.00"
"IgorLapin","-€0.44","85","75.00","33.33","20.83","8.64","23.46","62.50","50.00","50.00","0.70","31.82"
"buratino22","€0.14","242","93.18","100.00","20.69","10.64","11.76","25.93","42.86","66.67","6.00","38.71"
"rhesu","-€3.23","241","87.50","75.00","20.69","11.76","15.97","16.33","37.50","33.33","6.50","41.27"
"ReVolt111","€0.43","187","91.80","0.00","20.45","9.89","17.93","11.76","75.00","100.00","2.38","43.18"
"htylmc86","€17.91","373","88.11","71.43","20.45","10.05","20.65","24.00","66.67","80.00","1.95","39.00"
"mitos777","€1.19","101","87.18","-","20.00","13.00","14.00","55.56","60.00","66.67","","75.00"
"komaritskiy","€0.43","68","95.45","0.00","20.00","4.48","13.43","16.67","100.00","100.00","1.43","41.67"
"TakumikuF","€0.90","106","77.27","50.00","20.00","12.50","38.10","26.47","44.44","57.14","4.00","59.57"
"jasonmorton","-€2.02","147","79.55","100.00","20.00","13.70","26.71","26.83","54.55","50.00","2.71","37.25"
"wurzzzel","-€1.36","69","75.00","0.00","20.00","1.47","32.35","36.36","25.00","0.00","0.75","31.58"
"wonderomsk","-€0.63","202","91.43","0.00","20.00","7.00","14.93","37.50","55.56","42.86","4.00","60.61"
"gssloxw","-€2.42","102","100.00","-","20.00","6.12","7.14","40.00","50.00","50.00","1.00","37.50"
"Dirik15","€0.95","68","46.15","50.00","20.00","8.96","51.47","22.22","62.50","60.00","3.00","58.93"
"Jurchuk","-€0.44","80","70.97","75.00","20.00","11.25","30.00","22.22","33.33","50.00","2.50","48.78"
"suzannib1","-€0.11","70","100.00","-","20.00","7.14","7.14","20.00","0.00","0.00","","80.00"
"AlllllIN1982","-€1.06","91","74.19","75.00","20.00","14.94","25.29","26.09","83.33","66.67","0.86","23.08"
"AgroTank","-€1.78","83","68.00","100.00","20.00","11.39","17.72","26.32","60.00","50.00","3.00","33.33"
"bozomisi","€4.61","123","65.96","66.67","20.00","0.82","36.89","24.00","83.33","75.00","2.38","44.71"
"b752y34","€1.72","83","90.63","0.00","20.00","7.23","18.07","41.67","80.00","100.00","8.00","57.14"
"veresk6","€0.36","84","55.56","100.00","20.00","12.05","40.96","32.56","57.14","87.50","3.25","46.43"
"taches1","-€0.30","105","87.80","100.00","20.00","6.73","11.43","7.69","100.00","-","","42.86"
"RivrPirate","€0.87","76","80.56","25.00","20.00","9.21","22.37","21.05","75.00","75.00","2.50","53.57"
"Ignotus_8","€2.66","62","85.00","100.00","20.00","9.68","22.58","14.29","100.00","100.00","2.00","43.48"
"ganjjj","-€2.68","80","45.24","50.00","20.00","12.82","60.76","27.27","33.33","33.33","1.88","47.06"
"Maori_zu","-€1.69","72","80.77","66.67","20.00","11.43","17.14","20.00","50.00","0.00","7.00","50.00"
"AUSsome2013","€1.02","107","85.00","100.00","20.00","7.55","18.87","42.86","44.44","50.00","1.20","38.71"
"spony17","€0.27","85","83.33","100.00","19.35","13.25","43.37","55.56","40.00","50.00","2.67","57.14"
"DenPoker14","-€0.51","85","97.30","-","19.05","11.25","13.75","16.67","100.00","100.00","6.00","66.67"
"rivermanBR","€0.13","67","85.71","100.00","19.05","11.11","17.19","37.50","66.67","100.00","","33.33"
"Cardmasher","€2.49","123","74.00","62.50","19.05","6.72","27.50","19.44","42.86","60.00","2.71","39.58"
"Zdorowyak","€2.22","320","86.96","37.50","18.75","7.81","17.50","22.39","66.67","63.64","1.85","45.71"
"icemanfish","€0.97","142","76.47","80.00","18.75","13.48","28.37","28.57","66.67","71.43","1.84","51.47"
"ursus28","€0.23","62","61.90","100.00","18.75","10.34","46.55","30.43","71.43","66.67","1.00","31.03"
"purplecheck","€0.68","212","84.15","100.00","18.75","8.10","18.01","21.43","77.78","66.67","2.50","37.04"
"mcammo82","-€3.67","268","55.56","41.18","18.56","12.78","39.85","27.93","41.94","43.75","1.16","31.21"
"neon184","€1.05","102","81.58","100.00","18.18","4.04","22.00","32.14","55.56","75.00","8.00","30.77"
"dyalikedags","-€0.82","137","66.00","33.33","18.18","5.15","29.41","26.83","36.36","25.00","2.63","42.00"
"misspurrfect","-€0.86","135","76.32","100.00","18.18","13.60","40.00","19.61","50.00","20.00","3.18","50.00"
"kreks950","-€0.48","100","70.45","75.00","18.18","11.58","34.02","33.33","60.00","100.00","1.18","34.21"
"hellu15","-€2.62","129","77.27","50.00","18.18","6.30","18.11","33.33","42.86","20.00","0.63","20.00"
"gerard2000","€4.42","131","84.13","100.00","18.18","10.94","14.84","18.18","50.00","50.00","","45.45"
"ovuvo","€3.97","299","75.61","40.00","17.86","12.04","15.72","30.00","38.89","43.75","1.86","46.43"
"jdizzle19","-€0.68","75","76.92","50.00","17.65","13.51","35.14","36.00","44.44","50.00","3.50","33.33"
"rojser","-€0.08","186","86.00","100.00","17.65","3.76","8.60","40.74","63.64","80.00","1.20","24.00"
"xsedc","-€0.85","69","81.25","50.00","17.39","11.76","11.76","33.33","50.00","50.00","3.00","50.00"
"mixpokmix","€0.63","100","83.33","100.00","17.24","12.50","18.56","11.76","50.00","0.00","2.40","48.00"
"Kimski2","€1.81","99","97.14","-","17.14","11.46","12.50","25.00","100.00","100.00","1.50","37.50"
"NerfMica","-€1.19","289","80.18","66.67","17.07","8.42","14.34","28.57","68.75","72.73","2.50","42.25"
"Invisib13","-€7.16","86","77.78","100.00","16.67","11.76","18.82","21.43","33.33","33.33","3.67","52.38"
"buuurrr1017","€1.56","98","77.42","75.00","16.67","20.83","26.04","16.67","66.67","66.67","2.60","48.15"
"silly1518","-€1.06","76","61.54","57.14","16.67","5.48","39.47","12.12","25.00","33.33","4.17","51.02"
"santpoker12","-€3.01","163","75.44","33.33","16.67","14.47","28.30","36.73","33.33","35.71","2.63","60.87"
"leshiy1989c","€0.30","67","71.79","100.00","16.67","10.45","35.82","40.00","75.00","75.00","2.17","43.33"
"earth_2025","€1.93","75","27.27","53.85","16.67","9.72","50.00","29.73","45.45","66.67","2.22","46.51"
"coolming126","-€1.13","71","72.41","75.00","16.67","5.71","28.57","21.43","66.67","50.00","3.50","46.67"
"prshn","€1.91","117","70.21","80.00","16.67","5.17","27.59","26.47","66.67","85.71","4.20","45.65"
"rechpoker","€0.04","79","89.47","100.00","16.67","5.06","11.39","15.38","50.00","-","","25.00"
"stadors1","€0.91","470","73.05","68.75","16.67","13.33","29.03","29.50","63.41","72.73","2.18","42.05"
"actiforce","€3.40","90","75.00","0.00","16.67","13.48","20.00","38.10","75.00","83.33","2.33","53.85"
"riprod4","€0.24","196","86.81","66.67","16.67","8.72","13.85","34.38","63.64","62.50","2.86","46.51"
"R.Coon","€1.72","176","87.72","100.00","16.67","4.57","12.57","23.08","66.67","100.00","6.50","44.83"
"ArtemTarkov","-€4.81","70","75.00","100.00","16.67","8.57","37.14","25.00","16.67","33.33","4.00","38.71"
"GANGSTAJERED","€33.30","239","51.96","21.88","16.44","12.02","41.63","35.90","60.71","58.82","0.90","37.00"
"maskarado19","€0.09","338","90.65","100.00","16.22","4.80","8.08","16.00","50.00","100.00","","28.00"
"Zorianka","-€5.82","80","74.19","83.33","16.00","8.75","28.75","33.33","42.86","0.00","1.43","34.48"
"Marinhunso","-€1.02","99","71.43","60.00","16.00","12.24","26.53","25.81","75.00","80.00","0.33","12.50"
"lyatte","-€3.22","332","90.63","100.00","16.00","7.27","12.39","15.09","12.50","0.00","3.86","42.19"
"Bogus876","€2.91","66","83.33","50.00","15.79","12.50","18.75","55.56","60.00","100.00","1.00","36.36"
"lancelot443","€0.84","167","94.44","100.00","15.38","4.82","9.64","17.65","66.67","100.00","6.00","33.33"
"electricm","€0.50","94","66.67","80.00","15.38","5.38","21.51","40.91","44.44","60.00","0.80","26.67"
"switchfoot53","€0.10","74","88.00","100.00","15.38","10.81","13.51","27.27","66.67","-","2.00","22.22"
"sundjerhead","-€0.75","172","88.52","-","15.38","4.76","10.12","26.32","40.00","50.00","3.00","37.50"
"icekuma23","€2.79","269","77.42","33.33","15.38","12.73","21.35","32.73","77.78","78.57","2.00","39.44"
"KrisMagCu","€2.58","116","50.00","70.00","14.29","9.48","48.28","40.74","77.27","80.00","1.13","34.62"
"W00DST3R188","€0.75","65","65.00","66.67","14.29","12.31","21.54","45.45","40.00","50.00","2.50","52.63"
"TheDoc.T","-€1.64","126","82.50","66.67","14.29","10.48","20.97","42.42","57.14","58.33","2.67","55.17"
"wyvern001","€1.66","100","89.66","50.00","14.29","10.00","16.00","17.65","66.67","100.00","6.00","31.58"
"pkstarfish","€4.11","67","80.00","100.00","14.29","7.58","28.79","18.18","100.00","100.00","2.00","48.48"
"eXtil0","-€1.25","87","79.41","50.00","14.29","6.98","27.91","31.82","71.43","66.67","1.00","29.17"
"GoOnCal1","-€3.69","89","97.22","100.00","14.29","4.49","8.99","40.00","50.00","0.00","2.00","22.22"
"poega","-€2.41","79","76.92","0.00","14.29","6.41","14.10","50.00","42.86","33.33","2.50","47.62"
"AYNIL23","€1.38","65","90.00","100.00","14.29","9.23","13.85","22.22","50.00","100.00","2.00","22.22"
"bobys2","€3.27","63","61.54","60.00","14.29","8.20","27.87","23.53","50.00","50.00","1.80","40.91"
"pygusko","-€0.82","62","75.00","100.00","14.29","10.53","27.12","47.06","25.00","50.00","","58.82"
"JackGreen499","-€0.42","80","68.75","100.00","14.29","16.46","29.11","5.26","0.00","-","2.75","39.29"
"nazarovadzr","€1.57","98","84.85","66.67","14.29","4.12","19.39","35.00","71.43","75.00","1.13","33.33"
"tighthitman","€1.47","62","80.00","50.00","14.29","6.90","13.56","16.67","100.00","100.00","1.00","28.57"
"master2400","€1.60","107","84.85","50.00","14.29","4.76","10.48","30.77","100.00","100.00","3.67","55.00"
"Deschiado","€1.58","69","73.08","100.00","13.33","7.46","11.94","50.00","60.00","75.00","4.50","64.29"
"Dueller63","-€1.37","63","51.61","22.22","13.33","8.06","35.48","38.10","37.50","42.86","1.11","35.71"
"Snark76","-€0.37","104","87.23","100.00","12.50","3.88","14.56","21.43","33.33","50.00","2.50","35.71"
"marcus.v.w","-€1.53","84","52.94","60.00","12.50","17.86","55.95","20.83","50.00","50.00","1.71","43.90"
"Pigon1313","-€0.21","97","85.19","100.00","12.50","9.38","14.58","13.33","0.00","0.00","","50.00"
"puzzl14","€2.43","109","82.00","100.00","12.50","6.48","12.04","26.67","50.00","66.67","6.00","60.00"
"V_Demsky","-€0.54","159","75.47","33.33","12.50","7.69","15.82","24.00","66.67","75.00","4.50","34.62"
"YaUseZaberu","-€0.20","94","100.00","-","12.50","6.38","6.38","11.11","0.00","-","","22.22"
"sirjnn","-€4.27","80","76.32","40.00","12.50","6.25","27.50","41.67","40.00","25.00","0.33","14.29"
"thevacs","€0.10","74","73.91","25.00","12.50","7.14","59.15","19.05","75.00","66.67","2.17","45.61"
"MrBlondin","€0.54","215","85.48","50.00","12.28","8.96","10.38","10.53","100.00","100.00","2.50","40.00"
"hugomcf","€0.17","194","88.51","33.33","12.00","10.36","18.56","40.00","50.00","57.14","1.60","43.24"
"can4a","-€0.12","309","92.86","50.00","12.00","7.19","9.12","30.77","66.67","55.56","0.95","31.15"
"mchigvintsev","-€0.04","120","100.00","-","11.76","6.25","7.14","80.00","75.00","100.00","1.00","50.00"
"NBKillah","-€0.34","118","90.32","50.00","11.76","9.40","10.26","40.00","16.67","0.00","2.33","43.75"
"Aufschlag007","€7.22","78","76.00","50.00","11.54","6.94","35.14","55.56","46.67","33.33","1.22","39.29"
"batonlviv","€0.16","273","61.00","47.06","11.54","12.50","29.78","35.06","37.04","38.89","1.42","37.76"
"Chrissy828","€6.55","618","89.85","14.29","11.43","5.67","13.11","29.00","62.07","69.23","1.71","38.10"
"KENTMAMED","-€0.78","372","94.12","100.00","11.43","6.22","10.54","26.32","60.00","66.67","1.89","37.78"
"VELUG","€1.44","110","86.84","60.00","11.11","0.92","17.27","29.17","57.14","66.67","0.67","20.69"
"SteffenR12","-€13.34","61","58.82","33.33","11.11","5.26","22.81","44.44","25.00","0.00","0.86","30.00"
"ShaRoVar","-€0.31","93","89.66","-","11.11","6.52","9.78","11.11","0.00","0.00","","44.44"
"AndrianosS.","€0.53","157","77.55","66.67","11.11","8.92","21.66","17.50","71.43","83.33","4.00","50.79"
"Pokernina08","-€2.41","279","79.41","62.50","11.11","6.83","21.22","35.48","54.55","66.67","1.50","39.29"
"Loon_Magic","-€0.46","103","70.21","50.00","11.11","4.95","24.51","25.93","42.86","33.33","1.57","34.38"
"kkleng","-€5.09","401","77.56","40.00","11.11","9.37","23.74","28.89","34.62","36.84","3.00","50.85"
"Scheike70","-€0.82","71","37.04","14.29","11.11","7.04","47.89","47.37","44.44","44.44","1.12","40.43"
"vitos1977","-€1.10","86","73.91","0.00","11.11","9.52","26.19","54.84","41.18","42.86","1.67","44.12"
".nexus.","€1.14","76","84.62","100.00","11.11","6.58","9.21","66.67","83.33","100.00","0.67","25.00"
"vegacha89","€2.11","414","70.49","66.67","10.81","10.45","33.41","31.47","57.78","56.25","2.67","46.56"
"columbus_s5","-€1.55","227","54.55","71.43","10.53","15.32","32.43","30.00","57.14","63.64","2.15","43.43"
"Witten15","-€0.75","152","85.11","-","10.34","5.48","19.86","10.26","50.00","50.00","3.17","39.58"
"heinrich29","-€1.22","116","83.72","66.67","10.00","0.87","18.10","24.00","33.33","50.00","1.13","26.47"
"mean_boy333","-€0.74","83","86.21","100.00","10.00","6.10","23.17","5.26","0.00","-","1.00","13.64"
"Thomberson","€2.57","76","72.41","50.00","10.00","4.05","28.38","34.78","87.50","100.00","7.75","64.58"
"yasha17","€2.32","109","100.00","-","10.00","6.48","7.41","28.57","100.00","100.00","","60.00"
"petroff118","€0.90","88","84.00","100.00","9.52","11.49","14.94","23.08","100.00","100.00","2.67","47.06"
"creepville","-€0.63","113","78.57","20.00","9.38","8.93","16.07","33.33","60.00","60.00","3.00","62.50"
"Marc0La","-€0.67","89","86.49","0.00","9.09","5.88","11.76","22.22","50.00","50.00","0.80","30.77"
"BlindKnyaz","-€4.36","130","70.83","100.00","9.09","13.08","25.38","27.03","20.00","20.00","2.93","61.19"
"idgasf","-€0.24","80","92.00","100.00","9.09","8.75","10.00","12.50","100.00","100.00","3.00","30.00"
"tekato","-€1.98","401","90.73","100.00","9.09","7.50","12.25","10.42","80.00","50.00","4.25","28.81"
"Kasyakkos","-€0.31","125","83.67","100.00","9.09","7.26","16.13","21.05","50.00","33.33","3.00","46.15"
"st4ckem","€0.54","64","78.57","0.00","9.09","11.11","17.46","22.22","50.00","50.00","0.75","35.29"
"arina1197","-€2.52","158","62.07","76.92","9.09","4.49","44.59","28.00","52.38","50.00","1.18","27.37"
"Level07","-€8.33","204","61.73","30.43","8.96","3.63","29.53","41.07","52.17","50.00","0.61","28.75"
"kruzha","-€1.90","286","89.81","66.67","8.70","4.93","16.20","24.44","54.55","25.00","13.50","54.00"
"Ilay777","€5.75","117","46.15","55.56","8.70","5.98","52.99","33.33","50.00","55.56","1.81","49.12"
"Bowdini10","-€1.01","189","86.44","60.00","8.33","3.19","14.36","30.56","63.64","50.00","1.90","40.43"
"DonCherries","-€2.93","86","75.76","100.00","8.33","11.11","32.10","37.93","18.18","12.50","2.00","47.62"
"Felipebp34","€2.56","104","74.29","50.00","8.33","10.68","21.15","44.00","63.64","63.64","1.75","42.42"
"izyblek","-€1.00","205","92.96","100.00","8.33","5.88","8.82","33.33","25.00","28.57","1.44","36.11"
"Fishing90","€8.47","120","82.69","50.00","8.33","7.83","13.91","16.67","66.67","66.67","2.17","46.43"
"sivord","€0.91","96","47.73","80.00","8.33","5.21","63.54","29.03","33.33","50.00","3.38","55.67"
"duqsb","€5.06","65","73.91","75.00","8.00","7.69","18.46","20.00","50.00","100.00","2.00","40.00"
"vinnoe","€2.15","79","86.96","-","7.69","11.69","14.29","55.56","80.00","80.00","1.80","52.94"
"beakiwi","-€4.28","82","76.67","33.33","7.69","5.19","25.97","36.84","57.14","75.00","3.80","61.29"
"WhaleSanjeet","€2.22","68","24.14","75.00","7.41","9.52","79.69","16.00","62.50","75.00","2.60","44.07"
"Gambit217","-€0.22","146","85.71","66.67","7.14","8.39","16.55","10.34","33.33","50.00","5.75","52.27"
"Galan42","-€0.91","78","88.46","100.00","7.14","5.26","9.21","10.00","0.00","0.00","5.00","41.67"
"andrmsan","-€1.06","94","60.00","60.00","6.67","3.30","35.48","18.75","33.33","33.33","2.00","36.84"
"winding23","€2.84","93","77.08","85.71","6.67","15.05","29.03","25.00","80.00","75.00","3.00","50.00"
"beso0908","-€0.46","66","86.96","0.00","6.25","7.69","12.31","13.33","100.00","100.00","2.50","26.32"
"oiram420","€0.22","65","88.24","0.00","6.25","1.59","18.46","33.33","66.67","100.00","2.00","36.36"
"fuzzinhell","€1.37","123","90.00","50.00","6.25","4.88","15.45","41.67","70.00","62.50","2.50","59.52"
"CapaHck13rus","€0.07","70","76.00","50.00","5.88","7.25","14.49","28.57","50.00","100.00","1.00","33.33"
"77nero77","-€2.75","178","65.38","75.00","5.88","2.86","40.68","27.50","40.91","42.86","1.59","39.09"
"sergvolga","€0.27","67","53.57","71.43","5.88","9.09","58.21","17.07","42.86","50.00","3.22","50.88"
"mamaka_nd","-€0.16","64","95.45","100.00","5.88","1.61","4.76","0.00","-","-","1.00","20.00"
"long6688","€7.18","65","92.00","100.00","5.88","6.35","12.70","40.00","75.00","75.00","3.00","56.25"
"vadjaaa","-€0.34","69","60.00","0.00","5.26","2.90","13.04","64.71","63.64","50.00","1.13","45.00"
"13pobeda13","€2.63","69","58.06","83.33","5.26","10.61","37.88","37.50","66.67","60.00","1.63","41.94"
"sheart268","€2.30","453","87.41","75.00","4.76","5.99","9.51","29.03","61.11","80.00","2.55","37.33"
"ASteCom","-€0.76","202","93.55","100.00","4.35","4.50","7.00","30.00","83.33","100.00","2.67","33.33"
"ezoterica","€3.74","761","87.90","92.31","3.57","5.96","10.05","22.64","66.67","63.64","3.75","38.46"
"checkcall64","-€0.61","77","41.67","46.67","3.45","2.60","63.64","37.04","45.00","44.44","1.39","43.84"
"Muppet5265","-€0.05","84","81.25","100.00","0.00","10.71","32.14","26.92","57.14","60.00","3.75","50.00"
"adeea_17","-€1.16","187","87.14","100.00","0.00","0.54","9.24","0.00","-","-","0.50","4.35"
"BOBA878","-€0.52","108","87.80","66.67","0.00","3.74","14.95","14.29","100.00","100.00","2.50","27.78"
"zhangxuanye","-€1.86","92","59.38","62.50","0.00","2.17","41.30","29.27","33.33","33.33","0.74","24.14"
"Steiway","-€0.81","72","71.43","66.67","0.00","0.00","16.90","18.75","66.67","66.67","0.36","15.38"
"kcv644","€0.43","73","89.47","-","0.00","4.23","18.31","33.33","50.00","100.00","2.33","41.18"
"corteminelli","€0.72","62","36.84","55.56","0.00","8.06","61.29","31.58","50.00","60.00","0.79","27.78"
"Edward.83","€2.39","63","73.91","33.33","0.00","3.17","31.75","41.18","57.14","60.00","1.00","37.04"
"EliYR","€1.55","109","75.51","33.33","0.00","0.00","20.19","13.04","66.67","100.00","4.00","57.14"
"TheMan591","-€0.07","70","61.29","25.00","0.00","0.00","42.86","31.25","60.00","71.43","0.13","6.38"
"Schifty1986","-€0.51","68","75.00","100.00","0.00","1.47","27.94","33.33","50.00","0.00","1.00","26.92"
"petronos","€0.57","62","80.00","50.00","0.00","3.28","18.03","46.15","83.33","100.00","1.00","33.33"
"joternal","-€0.79","72","75.76","-","0.00","8.33","36.11","23.33","71.43","83.33","4.67","40.00"
"ton4k","-€0.89","149","68.09","55.56","0.00","0.67","26.85","20.00","66.67","50.00","0.29","11.48"
"veil1984","€0.52","66","64.86","77.78","0.00","1.54","30.77","11.11","50.00","100.00","1.20","27.27"
"Midnightxx","-€0.72","61","73.91","50.00","0.00","4.92","14.75","0.00","-","-","7.00","50.00"
"Classic28","€1.79","81","82.05","75.00","0.00","0.00","41.98","33.33","90.00","100.00","1.73","42.22"
"kimibeck","€0.17","81","86.21","100.00","0.00","5.06","24.69","34.78","62.50","50.00","2.00","40.00"
"Sasmil","-€0.53","62","57.89","50.00","0.00","0.00","22.95","29.41","40.00","50.00","0.69","28.13"
"davegizmo7","-€0.97","62","26.67","40.00","0.00","1.61","61.29","20.00","50.00","50.00","0.76","29.69"
"Mehdi780","-€1.64","65","22.22","44.44","0.00","7.69","83.08","34.55","42.11","53.85","0.92","37.63"
"durlanac","-€0.82","76","92.86","100.00","0.00","0.00","11.11","14.29","100.00","-","","16.67"
"noobsmoke24","-€0.63","87","86.36","100.00","0.00","2.33","12.79","20.00","66.67","0.00","2.50","29.41"
"onutta","-€0.23","87","83.78","20.00","0.00","6.90","14.94","50.00","66.67","50.00","0.60","31.58"
"Akena7","€3.14","85","70.21","57.14","0.00","1.20","44.05","41.38","41.67","62.50","0.72","28.26"
"monica293","-€0.52","62","68.00","100.00","0.00","5.00","21.31","26.67","50.00","50.00","2.33","35.00"
"8zone8","€2.38","104","81.48","0.00","0.00","0.97","13.59","45.00","77.78","75.00","0.40","17.39"
"ImNotAsian","-€0.35","65","82.61","100.00","0.00","1.59","36.51","22.73","40.00","0.00","5.33","55.17"
"ck387","-€0.38","76","80.00","0.00","0.00","11.84","17.11","20.00","33.33","33.33","1.50","42.86"
"sametoy","€0.04","80","80.00","33.33","0.00","3.75","13.75","22.22","50.00","-","2.50","45.45"
"arthusxjr","€0.66","96","45.16","37.50","0.00","18.75","50.00","27.08","46.15","62.50","1.30","41.10"
"heureka2","€0.13","90","96.88","100.00","0.00","0.00","13.48","28.57","50.00","100.00","","66.67"
"KukilSergey","-€0.37","66","69.57","50.00","0.00","3.03","19.70","45.00","44.44","33.33","0.40","16.00"
"TODD182","€2.69","70","55.88","66.67","0.00","0.00","34.29","20.00","80.00","80.00","1.14","34.78"
"mirka79","€1.84","69","70.00","28.57","0.00","7.58","56.06","20.59","42.86","75.00","2.64","54.72"
"Jimos2013","-€0.83","79","68.75","100.00","0.00","1.27","25.32","16.00","75.00","0.00","0.70","19.44"
"motesilver","€0.05","120","95.83","-","0.00","2.54","5.08","25.00","50.00","100.00","4.00","57.14"
"winvanja","€1.04","217","93.51","66.67","0.00","2.35","7.01","39.29","54.55","80.00","1.38","32.35"
"Erwin911","€0.89","92","85.71","100.00","0.00","1.10","41.76","27.27","66.67","66.67","1.64","42.59"
"Watching_U","-€7.48","96","76.67","0.00","0.00","13.54","17.71","53.33","25.00","14.29","2.17","56.52"
"Koshak78","€0.42","85","85.71","33.33","0.00","1.18","17.65","35.29","100.00","100.00","0.43","15.79"
"taike18","-€1.34","148","24.64","54.84","0.00","2.03","63.51","34.74","57.58","53.85","0.70","25.00"
"Vinter447","-€0.45","127","61.90","68.75","0.00","0.00","49.61","25.76","47.06","54.55","1.20","32.97"
"rocket_ralf","-€0.27","105","90.63","100.00","0.00","4.85","11.65","14.29","33.33","100.00","1.75","30.43"
"naeton","-€2.08","109","77.78","100.00","0.00","4.59","20.18","16.67","75.00","66.67","1.00","30.95"
"alanc95","€0.07","296","80.77","69.23","0.00","0.34","35.03","29.35","51.85","63.64","0.89","27.27"
"misu05x","€0.30","71","70.83","100.00","0.00","7.35","21.43","31.25","60.00","66.67","3.67","52.38"
"pk88pk","-€1.22","129","93.33","50.00","0.00","4.65","10.08","25.00","0.00","0.00","6.00","50.00"
"shark_22","€0.85","71","100.00","-","0.00","5.63","7.04","25.00","100.00","100.00","1.50","30.00"
"yra1966","€0.24","77","82.61","0.00","0.00","1.30","20.78","26.09","50.00","100.00","1.78","43.24"
"tolik1081991","€1.72","118","92.68","50.00","0.00","4.24","7.63","25.00","100.00","100.00","11.00","61.11"
"Viorel_RVD","-€1.64","72","42.11","33.33","0.00","2.82","63.89","48.94","65.22","50.00","0.68","26.56"
"pokerfaced3","-€2.74","193","70.00","40.00","0.00","8.90","22.51","27.08","46.15","40.00","1.90","46.91"
"konglibin","-€3.95","78","35.14","70.00","0.00","1.30","66.23","20.37","36.36","50.00","0.79","21.13"
"mihail7100","-€1.35","74","84.85","66.67","0.00","0.00","12.16","12.50","100.00","100.00","2.00","22.22"
"PQttr123","-€4.65","92","90.00","100.00","0.00","8.70","15.22","44.44","37.50","28.57","","70.59"
"almatayec","€0.42","62","28.13","30.00","0.00","17.74","80.65","34.69","47.06","66.67","1.14","37.88"
"luotoslo","€0.02","67","75.00","50.00","0.00","20.90","26.87","35.00","42.86","33.33","1.70","50.00"
"aksh_t20","€2.63","221","82.09","100.00","0.00","0.92","18.89","18.37","88.89","100.00","1.79","33.78"
"jenelle60","€3.46","106","23.53","43.75","0.00","7.55","69.81","37.50","56.67","62.50","1.07","37.90"
"police2002","-€0.94","240","86.21","20.00","0.00","0.42","15.42","48.84","66.67","58.33","0.43","18.87"
"lyangellll","€4.61","91","82.76","50.00","0.00","3.33","15.56","21.43","66.67","100.00","0.38","15.00"
"Keneil007","€0.74","70","89.66","0.00","0.00","0.00","8.70","33.33","100.00","100.00","0.67","25.00"
"sigros","-€0.89","125","95.45","0.00","0.00","0.00","21.60","16.67","0.00","0.00","4.75","50.00"
"guncis254elm","-€4.47","94","15.00","46.43","0.00","1.06","87.23","50.00","52.38","54.55","0.52","23.36"
"Daneril","-€1.22","128","84.44","100.00","0.00","6.56","9.02","25.00","66.67","50.00","1.00","26.67"
"mynew100","-€5.30","65","77.27","0.00","0.00","15.38","20.00","28.57","25.00","0.00","1.50","48.00"
"Marsen77","-€0.03","71","86.67","0.00","0.00","1.41","22.54","18.18","50.00","50.00","0.75","20.00"
"In_the_Zone","€0.08","65","86.67","100.00","0.00","4.84","16.13","0.00","-","-","6.00","40.00"
"angel_ii","€0.76","73","65.63","25.00","0.00","2.78","22.22","35.00","71.43","75.00","3.00","48.00"
"capricorn176","-€6.15","87","58.33","66.67","0.00","4.60","37.93","26.47","22.22","12.50","2.00","41.86"
"samatis","€4.37","263","61.29","85.71","0.00","3.44","41.98","23.73","50.00","58.82","2.43","48.91"
"Zalters","€1.22","69","82.14","50.00","0.00","2.90","26.09","31.25","100.00","100.00","10.00","50.00"
"Energeticsby","€4.67","68","22.58","20.00","0.00","5.88","67.65","35.42","58.82","81.82","1.13","42.35"
"AcesWild20","€0.91","132","86.96","100.00","0.00","4.58","15.27","9.09","50.00","-","6.33","65.52"
"pkrstu","€1.43","69","91.30","-","0.00","13.04","15.94","27.27","66.67","66.67","1.33","30.77"
"mesobutus1","-€2.50","71","45.83","25.00","0.00","9.86","35.21","35.71","40.00","40.00","1.54","45.45"
"nutnut73","€0.43","63","35.71","12.50","0.00","7.94","53.97","50.00","47.37","46.15","1.12","44.44"
"dingdablo69","-€1.40","74","42.86","37.50","0.00","5.41","50.00","56.82","56.00","53.33","0.51","26.03"
"haroonka","€0.49","74","96.43","-","0.00","6.94","6.76","80.00","50.00","66.67","1.50","60.00"
"JoshJC18","-€1.10","100","66.67","57.14","0.00","5.00","29.00","20.59","28.57","25.00","0.53","17.78"
"mofoojones","-€3.29","62","47.06","66.67","0.00","3.23","61.29","31.58","25.00","27.27","1.00","33.85"
"t11tracy147","-€2.11","178","64.52","92.86","0.00","0.00","39.33","26.56","52.94","63.64","0.94","30.19"
"vadikmm","€0.17","78","75.00","60.00","0.00","0.00","26.67","38.89","71.43","75.00","2.67","42.11"
"Buoritos","€0.31","67","90.48","-","0.00","0.00","10.45","25.00","100.00","100.00","0.80","25.00"
"Joltz888","-€0.88","72","62.86","60.00","0.00","8.45","34.72","3.85","100.00","100.00","1.71","30.77"
"olly6767","€1.70","65","73.08","100.00","0.00","3.08","26.15","28.57","66.67","75.00","0.73","30.56"
"Macc225","€0.70","66","88.46","0.00","0.00","0.00","22.73","40.00","75.00","100.00","1.50","37.50"
"simona2005tm","€2.72","86","60.00","100.00","0.00","4.71","52.33","29.79","42.86","44.44","1.71","36.92"
"Dhahran90","-€0.20","63","48.15","66.67","0.00","0.00","61.90","28.21","45.45","33.33","1.38","35.29"
"Bullit161","-€0.15","89","57.14","50.00","0.00","9.20","40.91","33.33","63.64","60.00","1.44","43.33"
"laureanoc23","€0.44","67","85.71","0.00","0.00","1.56","9.38","33.33","100.00","100.00","0.25","12.50"
"Sungi13","-€1.04","89","88.89","100.00","0.00","0.00","7.95","0.00","-","-","-","0.00"
"sarajayne81","-€0.33","69","45.45","61.54","0.00","0.00","46.38","30.30","50.00","42.86","0.60","25.00"
